时间,开盘,最高,最低,收盘,涨幅,振幅,总手,金额,换手%,成交次数
"2017-10-09,一",56.1,56.5,54.71,54.76,1.11%,3.31%,"88,236,199","4,894,508,100",0.815,64513
"2017-10-10,二",54.86,55.52,53.81,54.92,0.29%,3.12%,"96,068,320","5,234,374,200",0.887,63152
"2017-10-11,三",54.9,55.72,54.55,55.31,0.71%,2.13%,"66,452,795","3,671,752,200",0.613,52034
"2017-10-12,四",55.2,57.19,55.12,57.11,3.25%,3.74%,"89,855,011","5,060,866,900",0.829,81848
"2017-10-13,五",56.91,57.43,56.73,57.08,-0.05%,1.23%,"50,815,330","2,898,031,500",0.469,45998
"2017-10-16,一",57.5,58.55,57.09,57.17,0.16%,2.56%,"74,976,923","4,336,232,600",0.692,61156
"2017-10-17,二",57.41,58.26,57.2,57.94,1.35%,1.85%,"63,781,573","3,687,434,200",0.589,50468
"2017-10-18,三",58.06,59.03,57.87,58.98,1.79%,2.00%,"71,037,948","4,156,056,200",0.656,57556
"2017-10-19,四",59.06,59.95,58.8,59.59,1.03%,1.95%,"74,113,891","4,412,200,200",0.684,60542
"2017-10-20,五",59,59.45,58.64,59.02,-0.96%,1.36%,"45,688,147","2,696,601,800",0.422,45190
"2017-10-23,一",59.73,60.18,59.2,59.88,1.46%,1.66%,"51,239,175","3,066,104,000",0.473,47299
"2017-10-24,二",59.77,61.06,59.63,60.2,0.53%,2.39%,"70,533,642","4,268,526,200",0.651,51432
"2017-10-25,三",60.1,60.44,59.71,60.08,-0.20%,1.21%,"38,645,697","2,322,425,400",0.357,37177
"2017-10-26,四",60,62.26,59.86,61.39,2.18%,3.99%,"83,684,094","5,137,430,600",0.773,67371
"2017-10-27,五",61.5,63.98,61.48,63.93,4.14%,4.07%,"87,686,093","5,509,478,200",0.809,74277
"2017-10-30,一",64,65.3,63.13,64.06,0.20%,3.39%,"118,383,153","7,608,700,700",1.09,97214
"2017-10-31,二",63.5,64.5,63.31,64.36,0.47%,1.86%,"51,366,189","3,284,189,900",0.474,55455
"2017-11-01,三",64.47,66.28,63.72,64.12,-0.37%,3.98%,"100,111,909","6,497,719,300",0.924,87756
"2017-11-02,四",64.2,64.39,63,64.14,0.03%,2.17%,"82,494,651","5,249,507,400",0.762,60562
"2017-11-03,五",64,64.84,63.48,64.45,0.48%,2.12%,"68,143,978","4,374,187,700",0.629,53258
"2017-11-06,一",64.69,64.7,62.92,64.01,-0.68%,2.76%,"90,857,015","5,784,912,600",0.839,77951
"2017-11-07,二",64.3,66.57,64.3,65.37,2.12%,3.55%,"117,356,586","7,697,028,200",1.08,90955
"2017-11-08,三",65.4,66.35,64.32,64.61,-1.16%,3.11%,"86,782,083","5,669,830,800",0.801,80224
"2017-11-09,四",64.5,66.39,64.4,66.33,2.66%,3.08%,"70,866,925","4,620,472,300",0.654,61919
"2017-11-10,五",66,69.95,65.93,69.89,5.37%,6.06%,"125,406,037","8,577,347,700",1.16,109127
"2017-11-13,一",70.1,70.57,69.48,70.15,0.37%,1.56%,"75,220,717","5,267,341,000",0.694,78565
"2017-11-14,二",70.69,71.29,69.77,70.42,0.38%,2.17%,"80,174,828","5,652,540,400",0.74,77577
"2017-11-15,三",69.98,70.43,68.59,69.2,-1.73%,2.61%,"100,945,992","6,990,987,900",0.932,86446
"2017-11-16,四",68.8,73.11,68.75,73.01,5.51%,6.30%,"116,376,446","8,269,151,200",1.07,100472
"2017-11-17,五",72.7,75.32,71.8,75.27,3.10%,4.82%,"158,039,370","11,680,087,800",1.46,119940
"2017-11-20,一",74.78,76.49,74.07,75.71,0.58%,3.22%,"114,128,113","8,583,176,600",1.05,106028
"2017-11-21,二",75.13,79.68,75.13,78.44,3.61%,6.01%,"144,556,940","11,268,384,900",1.33,131403
"2017-11-22,三",79.5,79.96,76.58,77.45,-1.26%,4.31%,"129,348,799","10,124,738,600",1.19,135918
"2017-11-23,四",76.6,78.44,73.7,74.32,-4.04%,6.12%,"157,621,090","11,946,905,500",1.46,157101
"2017-11-24,五",74.15,75.46,72.71,74.62,0.40%,3.70%,"131,784,376","9,752,487,000",1.22,118150
"2017-11-27,一",74.7,74.9,71.55,73.55,-1.43%,4.49%,"163,723,230","11,979,068,100",1.51,108508
"2017-11-28,二",72.7,73.54,71.88,72.73,-1.11%,2.26%,"78,646,962","5,710,613,300",0.726,82808
"2017-11-29,三",73.54,74.19,71.26,72.42,-0.43%,4.03%,"87,500,464","6,358,820,400",0.808,90144
"2017-11-30,四",71.37,71.67,69.55,69.92,-3.45%,2.93%,"116,373,317","8,210,562,500",1.07,106586
"2017-12-01,五",69.65,70.18,67.91,68.1,-2.60%,3.25%,"139,304,600","9,600,520,300",1.29,130137
"2017-12-04,一",67.6,70.35,67.37,69.39,1.89%,4.38%,"115,928,317","8,019,893,900",1.07,103819
"2017-12-05,二",68.9,71.5,68.78,71.2,2.61%,3.92%,"169,253,950","11,943,538,000",1.56,98835
"2017-12-06,三",70.9,71.1,68,69.4,-2.53%,4.35%,"124,560,752","8,683,330,200",1.15,101200
"2017-12-07,四",69.35,69.81,67.6,68.64,-1.10%,3.18%,"85,970,358","5,882,969,800",0.794,79034
"2017-12-08,五",68.94,71.86,68.66,71.49,4.15%,4.66%,"109,563,228","7,706,091,000",1.01,109666
"2017-12-11,一",71.2,73.31,70.82,73.25,2.46%,3.48%,"113,992,734","8,230,209,800",1.05,98816
"2017-12-12,二",73.25,73.56,71.17,71.21,-2.78%,3.26%,"77,790,078","5,624,415,200",0.718,87966
"2017-12-13,三",71.21,72.62,70.2,72.12,1.28%,3.40%,"86,511,781","6,180,930,500",0.799,79474
"2017-12-14,四",72.12,72.16,70.6,71.01,-1.54%,2.16%,"67,618,694","4,821,543,300",0.624,69932
"2017-12-15,五",70.69,71.44,70.05,70.38,-0.89%,1.96%,"73,554,722","5,203,043,800",0.679,61229
"2017-12-18,一",70.21,71.93,70.21,70.67,0.41%,2.44%,"67,911,699","4,819,171,100",0.627,66783
"2017-12-19,二",70.91,73.63,70.71,73.58,4.12%,4.13%,"127,058,305","9,235,563,900",1.17,120389
"2017-12-20,三",73.49,74.59,73.08,73.94,0.49%,2.05%,"93,938,288","6,929,166,000",0.867,85949
"2017-12-21,四",73.64,75.58,73.21,74.91,1.31%,3.21%,"93,470,766","6,973,083,800",0.863,94197
"2017-12-22,五",74.8,75.2,73.63,74.02,-1.19%,2.10%,"71,952,658","5,340,481,000",0.664,79881
"2017-12-25,一",74.06,76.17,73.37,74.16,0.19%,3.78%,"110,997,896","8,271,645,300",1.02,106287
"2017-12-26,二",74.11,74.56,72.88,73.94,-0.30%,2.27%,"83,228,950","6,125,332,800",0.768,85522
"2017-12-27,三",73.45,73.45,70.02,70.35,-4.86%,4.64%,"150,683,450","10,782,720,400",1.39,163794
"2017-12-28,四",70.3,71.42,69.67,70.59,0.34%,2.49%,"113,088,642","7,984,386,900",1.04,100290
"2017-12-29,五",71.09,71.53,69.5,69.98,-0.86%,2.88%,"104,001,801","7,316,476,600",0.96,100178
"2018-01-02,二",70.21,72.8,70.18,72.59,3.73%,3.74%,"123,616,317","8,873,521,600",1.14,116671
"2018-01-03,三",73.4,73.9,70.11,70.97,-2.23%,5.22%,"179,405,490","12,887,286,400",1.66,163727
"2018-01-04,四",71.02,72.2,70.55,71.18,0.30%,2.32%,"106,115,784","7,558,632,000",0.98,111923
"2018-01-05,五",71.59,71.88,70.45,70.89,-0.41%,2.01%,"77,207,581","5,478,422,400",0.713,90520
"2018-01-08,一",70.79,70.79,69.32,70.01,-1.24%,2.07%,"122,872,953","8,582,728,300",1.13,143288
"2018-01-09,二",70.3,72.08,70.03,71.87,2.66%,2.93%,"123,949,115","8,846,740,700",1.14,129301
"2018-01-10,三",71.6,71.87,70.71,71.72,-0.21%,1.61%,"82,812,301","5,908,131,800",0.764,88008
"2018-01-11,四",71.05,73.12,71,72.65,1.30%,2.96%,"109,628,895","7,942,591,600",1.01,118607
"2018-01-12,五",72.66,74.5,72.33,74.41,2.42%,2.99%,"128,266,294","9,412,700,300",1.18,125103
"2018-01-15,一",75.35,78.5,75.35,77.65,4.35%,4.23%,"200,659,870","15,506,926,000",1.85,203284
"2018-01-16,二",77.68,79.48,77.2,77.81,0.21%,2.94%,"150,164,320","11,730,259,400",1.39,149146
"2018-01-17,三",78.1,79.35,76.5,77.34,-0.60%,3.66%,"141,357,420","11,007,901,800",1.3,132341
"2018-01-18,四",78.56,80.11,77.08,77.61,0.35%,3.92%,"207,447,140","16,276,294,000",1.92,160798
"2018-01-19,五",78.3,79.06,76.89,77.59,-0.03%,2.80%,"155,380,910","12,121,952,900",1.43,126552
"2018-01-22,一",77.11,79.2,77.05,78.74,1.48%,2.77%,"121,588,286","9,519,920,000",1.12,110076
"2018-01-23,二",80.3,81.28,78.29,78.76,0.03%,3.80%,"191,989,840","15,307,310,000",1.77,170176
"2018-01-24,三",79,79.44,76.38,76.44,-2.95%,3.89%,"168,914,100","13,089,919,900",1.56,180749
"2018-01-25,四",75.93,75.99,74.8,75.29,-1.50%,1.56%,"123,439,652","9,292,249,800",1.14,141344
"2018-01-26,五",75.3,76.85,75.21,76.1,1.08%,2.18%,"112,554,650","8,558,721,000",1.04,118321
"2018-01-29,一",76.66,76.7,72.89,73.36,-3.60%,5.01%,"151,784,350","11,341,796,900",1.4,168582
"2018-01-30,二",72.9,74.36,72.8,73.38,0.03%,2.13%,"86,781,693","6,389,287,000",0.801,92983
"2018-01-31,三",72.65,75.15,72.52,75.08,2.32%,3.58%,"93,472,629","6,959,739,500",0.863,107564
"2018-02-01,四",75,75.6,74.05,75.48,0.53%,2.06%,"141,576,290","10,624,480,500",1.31,106957
"2018-02-02,五",74.87,76.38,74.13,76.01,0.70%,2.98%,"100,758,337","7,592,895,900",0.93,94796
"2018-02-05,一",74.4,75.95,74.3,75.71,-0.39%,2.17%,"94,805,442","7,124,096,900",0.875,94839
"2018-02-06,二",73.85,74.7,72.5,73.77,-2.56%,2.91%,"204,966,680","15,035,749,000",1.89,139877
"2018-02-07,三",74.6,74.65,70.5,71.38,-3.24%,5.63%,"174,784,080","12,632,931,000",1.61,141178
"2018-02-08,四",70.61,71.5,68.37,68.99,-3.35%,4.38%,"153,010,890","10,664,335,000",1.41,157107
"2018-02-09,五",66.5,66.97,62.2,64.43,-6.61%,6.91%,"249,202,980","16,087,879,000",2.3,202223
"2018-02-12,一",64.66,65.65,64,64.96,0.82%,2.56%,"102,961,177","6,677,189,800",0.95,107980
"2018-02-13,二",66.2,68.35,66.06,67.02,3.17%,3.53%,"114,795,720","7,736,172,600",1.06,122782
"2018-02-14,三",67.5,69.19,67.2,68.89,2.79%,2.97%,"64,650,188","4,399,687,800",0.597,77653
"2018-02-22,四",70.23,70.42,69.23,69.77,1.28%,1.73%,"78,364,999","5,477,772,500",0.723,76947
"2018-02-23,五",70.25,71.46,69.83,70.64,1.25%,2.34%,"55,601,107","3,929,000,300",0.513,71076
"2018-02-26,一",70.99,71.58,69.6,70.8,0.23%,2.80%,"69,384,092","4,900,094,200",0.641,76792
"2018-02-27,二",71.02,71.19,69.47,69.81,-1.40%,2.43%,"78,099,482","5,485,814,900",0.721,73896
"2018-02-28,三",69.2,69.24,67.7,67.76,-2.94%,2.21%,"78,217,046","5,354,288,600",0.722,87737
"2018-03-01,四",67.18,69.38,66.88,68.93,1.73%,3.69%,"66,329,617","4,535,163,800",0.612,73932
"2018-03-02,五",68,68.66,67.45,67.68,-1.81%,1.76%,"58,143,932","3,950,841,300",0.537,68257
"2018-03-05,一",67.66,68.59,67,67.88,0.30%,2.35%,"60,982,380","4,123,448,700",0.563,61070
"2018-03-06,二",68.4,69.39,67.4,69.32,2.12%,2.93%,"65,707,723","4,498,428,200",0.607,80183
"2018-03-07,三",68.98,70.18,68.18,68.78,-0.78%,2.89%,"59,055,501","4,086,838,900",0.545,71565
"2018-03-08,四",69.06,70.84,68.76,70.54,2.56%,3.02%,"69,268,165","4,847,200,900",0.639,87386
"2018-03-09,五",71,71.46,70.31,70.89,0.50%,1.63%,"47,622,200","3,371,832,600",0.44,59351
"2018-03-12,一",71.6,71.86,70.6,71.12,0.32%,1.78%,"58,335,147","4,159,385,500",0.539,65597
"2018-03-13,二",71.2,71.35,69.18,69.42,-2.39%,3.05%,"60,949,227","4,270,300,800",0.563,86245
"2018-03-14,三",68.85,69.2,68.26,68.82,-0.86%,1.35%,"51,476,079","3,538,649,600",0.475,67264
"2018-03-15,四",68.41,70.7,68.4,70.49,2.43%,3.34%,"62,711,086","4,389,005,500",0.579,77983
"2018-03-16,五",70.7,71.95,70.45,70.51,0.03%,2.13%,"70,132,623","4,999,966,500",0.647,82286
"2018-03-19,一",70.89,73.88,70.48,73.81,4.68%,4.82%,"92,449,982","6,687,346,300",0.853,119074
"2018-03-20,二",73.1,74.19,72.7,74.09,0.38%,2.02%,"65,977,835","4,847,777,000",0.609,80576
"2018-03-21,三",76.7,76.71,73.03,73.82,-0.36%,4.97%,"136,748,590","10,277,152,000",1.26,144623
"2018-03-22,四",73.51,74.17,71.68,72.88,-1.27%,3.37%,"90,287,752","6,578,006,300",0.833,105977
"2018-03-23,五",70,70.77,69.42,70.3,-3.54%,1.85%,"148,695,490","10,435,411,000",1.37,120745
"2018-03-26,一",69.2,69.97,66.98,68.28,-2.87%,4.25%,"138,098,520","9,441,425,600",1.27,158815
"2018-03-27,二",69.58,69.66,67.5,68.16,-0.18%,3.16%,"103,992,027","7,111,483,100",0.96,125144
"2018-03-28,三",67,67.68,64.88,65.4,-4.05%,4.11%,"142,078,780","9,380,984,800",1.31,174978
"2018-03-29,四",65.42,67.28,63.51,66.39,1.51%,5.76%,"146,254,570","9,514,381,400",1.35,172248
"2018-03-30,五",66.01,66.27,64.8,65.31,-1.63%,2.21%,"84,202,251","5,499,095,900",0.777,111906
"2018-04-02,一",64.25,66.25,64.22,64.66,-1.00%,3.11%,"80,555,909","5,242,356,800",0.744,98314
"2018-04-03,二",63.95,64.95,63.84,64.51,-0.23%,1.72%,"60,407,068","3,885,145,800",0.558,74211
"2018-04-04,三",64.9,65.58,63.98,64.55,0.06%,2.48%,"67,998,953","4,414,551,500",0.628,86792
"2018-04-09,一",64.99,65.99,64.05,65.96,2.18%,3.01%,"71,614,285","4,679,345,600",0.661,94871
"2018-04-10,二",65.69,68.4,65.39,68.25,3.47%,4.56%,"90,513,972","6,064,986,100",0.836,120681
"2018-04-11,三",68.3,68.57,67.48,67.67,-0.85%,1.60%,"72,092,432","4,894,354,100",0.666,88865
"2018-04-12,四",67.91,67.97,66.69,66.72,-1.40%,1.89%,"54,450,250","3,659,539,900",0.503,67545
"2018-04-13,五",67.43,67.45,66.05,66.18,-0.81%,2.10%,"46,638,574","3,114,028,900",0.431,58971
"2018-04-16,一",66.01,66.66,63.88,64.3,-2.84%,4.20%,"80,963,957","5,244,687,500",0.747,103603
"2018-04-17,二",64.44,64.86,62.83,63.13,-1.82%,3.16%,"83,167,288","5,312,790,700",0.768,101813
"2018-04-18,三",63.78,63.95,62.6,63.51,0.60%,2.14%,"76,484,549","4,841,197,700",0.706,84403
"2018-04-19,四",63.9,64.95,63.66,64.48,1.53%,2.03%,"72,647,375","4,680,959,600",0.671,84004
"2018-04-20,五",64.2,64.87,63.51,64.15,-0.51%,2.11%,"60,334,073","3,871,514,900",0.557,64421
"2018-04-23,一",64.15,65.16,63.78,64.99,1.31%,2.15%,"54,446,666","3,516,175,400",0.503,67448
"2018-04-24,二",65.4,67.06,65.28,66.56,2.42%,2.74%,"90,695,407","6,024,928,800",0.837,110434
"2018-04-25,三",66.04,66.46,65.31,65.5,-1.59%,1.73%,"47,782,761","3,141,687,200",0.441,63490
"2018-04-26,四",65.68,65.89,62.81,63.12,-3.63%,4.70%,"84,155,382","5,364,615,000",0.777,114800
"2018-04-27,五",63.55,63.73,58.34,60.89,-3.53%,8.54%,"260,286,260","15,747,812,000",2.4,267298
"2018-05-02,三",61.36,61.79,60.75,61.34,0.74%,1.71%,"70,890,842","4,341,690,800",0.654,80486
"2018-05-03,四",60.88,61.58,59.9,61.44,0.16%,2.74%,"62,912,538","3,831,120,300",0.581,82449
"2018-05-04,五",61.33,61.64,60.64,60.71,-1.19%,1.63%,"44,158,675","2,694,568,400",0.408,62598
"2018-05-07,一",60.55,61.47,59.71,61.19,0.79%,2.90%,"82,944,783","5,035,372,500",0.766,103394
"2018-05-08,二",61.36,63.88,61.24,63.08,3.09%,4.31%,"117,472,062","7,388,303,900",1.08,142525
"2018-05-09,三",63.1,63.4,62.52,62.95,-0.21%,1.40%,"48,443,100","3,048,008,900",0.447,62648
"2018-05-10,四",63.3,63.75,62.61,63.18,0.37%,1.81%,"49,817,832","3,143,778,300",0.46,61073
"2018-05-11,五",63.58,63.66,62.81,63.1,-0.13%,1.35%,"45,210,551","2,859,210,100",0.417,50549
"2018-05-14,一",63.7,64.58,63.5,64.1,1.58%,1.71%,"68,370,916","4,387,898,500",0.631,80839
"2018-05-15,二",64.5,64.59,63.4,63.97,-0.20%,1.86%,"52,952,916","3,376,776,300",0.489,64146
"2018-05-16,三",63.68,63.92,62.63,62.81,-1.81%,2.02%,"55,951,439","3,539,081,200",0.517,69887
"2018-05-17,四",63.09,63.19,61.94,62,-1.29%,1.99%,"47,778,223","2,981,258,100",0.441,69534
"2018-05-18,五",61.88,63.12,61.59,63.04,1.68%,2.47%,"56,625,326","3,532,704,100",0.523,65793
"2018-05-21,一",63.55,64.15,63.27,63.66,0.98%,1.40%,"70,506,571","4,492,367,200",0.651,72699
"2018-05-22,二",63.58,63.84,62.5,63.01,-1.02%,2.10%,"43,769,214","2,757,950,400",0.404,61716
"2018-05-23,三",62.95,62.95,61.67,61.76,-1.98%,2.03%,"56,915,452","3,531,232,700",0.525,80040
"2018-05-24,四",61.96,62.27,61.16,61.22,-0.87%,1.80%,"44,151,327","2,725,820,800",0.408,55768
"2018-05-25,五",61.38,62.18,61.34,61.53,0.51%,1.37%,"35,392,969","2,183,914,000",0.327,48084
"2018-05-28,一",61.8,62.88,61.55,62.5,1.58%,2.16%,"45,894,875","2,861,428,800",0.424,60661
"2018-05-29,二",62.32,62.66,61.3,62.38,-0.19%,2.18%,"63,647,446","3,944,873,800",0.588,62581
"2018-05-30,三",61.31,61.7,60.58,60.65,-2.77%,1.80%,"49,083,664","2,998,177,200",0.453,74674
"2018-05-31,四",61.11,62.18,60.71,62.13,2.44%,2.42%,"66,538,831","4,096,852,000",0.614,76983
"2018-06-01,五",61.91,62.19,61.28,61.64,-0.79%,1.46%,"40,800,764","2,516,196,000",0.377,52020
"2018-06-04,一",62.1,63.71,61.9,63.53,3.07%,2.94%,"85,889,740","5,418,564,800",0.793,108497
"2018-06-05,二",63.59,65,63.21,64.58,1.65%,2.82%,"88,517,255","5,683,936,000",0.817,100929
"2018-06-06,三",64.43,64.45,63.71,63.81,-1.19%,1.15%,"49,022,028","3,140,622,800",0.453,67924
"2018-06-07,四",63.27,64.54,63.02,63.24,-0.89%,2.38%,"74,626,679","4,763,077,400",0.689,89498
"2018-06-08,五",62.97,63.24,61.95,62.39,-1.34%,2.04%,"57,939,137","3,617,103,500",0.535,75571
"2018-06-11,一",62.25,63.2,61.85,63.03,1.03%,2.16%,"51,280,313","3,204,236,400",0.473,58690
"2018-06-12,二",63.2,64.25,62.82,63.9,1.38%,2.27%,"76,355,925","4,866,437,100",0.705,85243
"2018-06-13,三",63.8,63.91,63.35,63.75,-0.23%,0.88%,"45,905,326","2,922,589,400",0.424,52788
"2018-06-14,四",63.58,65.35,63.45,64.44,1.08%,2.98%,"79,848,471","5,164,445,300",0.737,97830
"2018-06-15,五",64.1,65.16,64.02,64.63,0.29%,1.77%,"66,658,272","4,315,505,700",0.615,75729
"2018-06-19,二",63.8,64.2,61.8,62.09,-3.93%,3.71%,"127,826,360","8,087,342,700",1.18,111437
"2018-06-20,三",61.9,62.54,60.78,61.85,-0.39%,2.83%,"74,319,522","4,589,333,000",0.686,90465
"2018-06-21,四",61.86,62.56,61,61.09,-1.23%,2.52%,"60,549,396","3,743,256,900",0.559,72351
"2018-06-22,五",60.6,61.5,60.6,61.07,-0.03%,1.47%,"46,537,639","2,837,582,700",0.43,57718
"2018-06-25,一",61.28,61.35,59.6,59.79,-2.10%,2.87%,"60,749,672","3,673,033,300",0.561,86745
"2018-06-26,二",59.1,59.61,57.8,59.24,-0.92%,3.03%,"71,792,764","4,222,114,900",0.663,93352
"2018-06-27,三",59.1,59.45,57.44,57.5,-2.94%,3.39%,"69,708,410","4,051,818,400",0.644,92800
"2018-06-28,四",57.11,57.95,56.53,56.83,-1.17%,2.47%,"73,599,124","4,196,752,200",0.679,83131
"2018-06-29,五",57.12,58.63,57.1,58.58,3.08%,2.69%,"64,511,204","3,729,377,800",0.596,79471
"2018-07-02,一",58.28,58.28,54.65,55.22,-5.74%,6.20%,"90,018,916","5,082,587,200",0.831,122712
"2018-07-03,二",55.6,56.56,54.33,56.34,2.03%,4.04%,"94,916,701","5,276,896,800",0.876,108364
"2018-07-04,三",56.23,56.88,55.37,55.52,-1.46%,2.68%,"51,949,368","2,909,529,900",0.48,59370
"2018-07-05,四",55.7,56.27,55.18,55.53,0.02%,1.96%,"54,843,432","3,054,478,700",0.506,54579
"2018-07-06,五",55.98,57.65,55.54,56.94,2.54%,3.80%,"82,431,119","4,674,671,800",0.761,85851
"2018-07-09,一",57.6,58.91,57.2,58.88,3.41%,3.00%,"69,604,304","4,054,247,000",0.643,79195
"2018-07-10,二",59,59.05,57.55,58.18,-1.19%,2.55%,"55,562,743","3,233,279,800",0.513,73820
"2018-07-11,三",56.75,57.51,56.56,57.09,-1.87%,1.63%,"47,378,185","2,701,645,200",0.437,53631
"2018-07-12,四",57.24,58.89,57.24,58.38,2.26%,2.89%,"64,770,763","3,777,942,000",0.598,69687
"2018-07-13,五",58.77,58.92,58.28,58.54,0.27%,1.10%,"39,378,546","2,307,228,900",0.364,43770
"2018-07-16,一",58.3,58.78,57.38,57.72,-1.40%,2.39%,"43,194,208","2,494,024,300",0.399,52435
"2018-07-17,二",57.9,58.26,57.42,58.02,0.52%,1.46%,"37,994,302","2,195,501,100",0.351,41572
"2018-07-18,三",58.28,59.11,57.75,57.81,-0.36%,2.34%,"46,448,505","2,717,273,900",0.429,53464
"2018-07-19,四",58.36,59.3,58.35,58.71,1.56%,1.64%,"70,369,903","4,143,173,500",0.65,73209
"2018-07-20,五",58.6,61.61,58.23,60.84,3.63%,5.76%,"106,935,078","6,433,573,500",0.987,109939
"2018-07-23,一",60.35,61.6,60.25,61.08,0.39%,2.22%,"80,457,337","4,898,411,200",0.743,72053
"2018-07-24,二",61.06,63,61.03,61.74,1.08%,3.23%,"83,684,707","5,207,884,900",0.773,99203
"2018-07-25,三",62.23,62.24,61.4,62.16,0.68%,1.36%,"40,900,624","2,529,701,200",0.378,44633
"2018-07-26,四",62.28,62.48,60.68,60.8,-2.19%,2.90%,"48,259,331","2,960,086,700",0.445,61436
"2018-07-27,五",60.98,61.33,60.57,60.87,0.12%,1.25%,"33,417,159","2,037,644,600",0.308,36163
"2018-07-30,一",60.9,61.92,60.75,61.56,1.13%,1.92%,"37,637,018","2,303,730,900",0.347,46564
"2018-07-31,二",61.6,61.89,60.82,61.6,0.06%,1.74%,"26,069,859","1,600,697,200",0.241,37646
"2018-08-01,三",61.8,62.41,59.62,59.7,-3.08%,4.53%,"56,343,432","3,440,050,600",0.52,69875
"2018-08-02,四",59.41,59.49,57.8,58.26,-2.41%,2.83%,"64,680,428","3,782,255,900",0.597,72664
"2018-08-03,五",58.43,58.76,57.78,57.82,-0.76%,1.68%,"36,208,330","2,109,021,400",0.334,43956
"2018-08-06,一",57.81,58.86,57.36,57.83,0.02%,2.59%,"41,978,566","2,438,442,800",0.388,42548
"2018-08-07,二",58.11,59.6,57.96,59.56,2.99%,2.84%,"56,186,121","3,306,492,600",0.519,62727
"2018-08-08,三",59.55,59.7,58.19,58.38,-1.98%,2.54%,"41,210,911","2,426,952,900",0.38,44018
"2018-08-09,四",58.38,60.99,58.18,60.62,3.84%,4.81%,"63,543,307","3,820,214,600",0.587,71954
"2018-08-10,五",60.56,60.96,59.83,60.44,-0.30%,1.86%,"34,904,151","2,108,590,700",0.322,47597
"2018-08-13,一",59.8,59.85,58.66,59.55,-1.47%,1.97%,"45,464,948","2,692,879,800",0.42,54143
"2018-08-14,二",59.56,59.72,58.58,59.05,-0.84%,1.91%,"30,874,067","1,824,184,800",0.285,39132
"2018-08-15,三",59.03,59.05,56.67,57.03,-3.42%,4.03%,"61,374,792","3,531,927,700",0.567,84573
"2018-08-16,四",56.38,57.95,55.88,56.98,-0.09%,3.63%,"47,507,498","2,710,351,700",0.439,62604
"2018-08-17,五",57.7,57.82,56.46,56.58,-0.70%,2.39%,"35,136,005","2,009,697,400",0.324,45142
"2018-08-20,一",56.94,57.82,56.76,57.81,2.17%,1.87%,"46,214,266","2,653,996,200",0.427,53157
"2018-08-21,二",57.86,59.65,57.86,59.42,2.78%,3.10%,"63,665,064","3,768,112,500",0.588,71012
"2018-08-22,三",61.28,61.5,60.37,60.93,2.54%,1.90%,"104,185,714","6,355,540,700",0.962,106721
"2018-08-23,四",61.01,62.38,61.01,62.13,1.97%,2.25%,"75,611,130","4,682,981,900",0.698,89254
"2018-08-24,五",61.7,63.33,61.5,62.47,0.55%,2.95%,"57,263,151","3,574,475,300",0.529,69519
"2018-08-27,一",63.08,63.68,62.72,63.47,1.60%,1.54%,"58,579,343","3,706,028,600",0.541,66557
"2018-08-28,二",63.8,63.84,62.6,62.9,-0.90%,1.95%,"42,494,421","2,683,512,100",0.392,56157
"2018-08-29,三",62.68,63.3,62.65,63.01,0.17%,1.03%,"27,892,679","1,757,300,900",0.257,39157
"2018-08-30,四",63.5,64.05,63.02,63.16,0.24%,1.63%,"45,849,633","2,916,938,000",0.423,57686
"2018-08-31,五",62.4,63.43,62.2,62.98,-0.28%,1.95%,"52,111,400","3,273,908,700",0.481,57173
"2018-09-03,一",62.6,63,62.11,62.73,-0.40%,1.41%,"32,379,059","2,027,395,400",0.299,42098
"2018-09-04,二",62.85,64.93,62.54,64.8,3.30%,3.81%,"65,837,878","4,208,358,200",0.608,71108
"2018-09-05,三",64.41,64.64,62.8,62.8,-3.09%,2.84%,"50,743,718","3,235,414,300",0.468,64530
"2018-09-06,四",62.1,62.52,61.01,61.32,-2.36%,2.40%,"45,742,629","2,827,435,700",0.422,59572
"2018-09-07,五",61.88,63.5,61.6,62.78,2.38%,3.10%,"49,471,165","3,105,514,600",0.457,59440
"2018-09-10,一",62.6,62.87,61.6,62.03,-1.19%,2.02%,"32,339,001","2,008,532,800",0.299,37087
"2018-09-11,二",62,62.58,61.25,61.68,-0.56%,2.14%,"34,707,057","2,147,831,300",0.32,43514
"2018-09-12,三",61.31,61.46,60.28,60.6,-1.75%,1.91%,"43,546,028","2,644,081,400",0.402,54226
"2018-09-13,四",61.78,62.4,61.01,62.4,2.97%,2.29%,"53,884,697","3,328,513,200",0.497,60911
"2018-09-14,五",62.57,63.76,62.42,63.3,1.44%,2.15%,"55,837,041","3,529,776,700",0.515,66510
"2018-09-17,一",62.3,63.18,62.25,62.51,-1.25%,1.47%,"26,959,587","1,686,602,300",0.249,38033
"2018-09-18,二",62.15,64.3,62.1,64.12,2.58%,3.52%,"63,556,933","4,033,820,500",0.587,67463
"2018-09-19,三",64.09,65.8,63.81,65.15,1.61%,3.10%,"83,470,507","5,411,874,500",0.771,82656
"2018-09-20,四",65.2,65.56,64.61,64.8,-0.54%,1.46%,"41,892,378","2,721,332,700",0.387,51174
"2018-09-21,五",65.28,67.5,64.97,67.49,4.15%,3.90%,"81,043,109","5,386,807,300",0.748,88911
"2018-09-25,二",66.9,67.73,66.48,67.19,-0.44%,1.85%,"57,810,389","3,878,568,200",0.534,60088
"2018-09-26,三",67.23,69,66.83,67.96,1.15%,3.23%,"90,852,551","6,186,718,200",0.839,87077
"2018-09-27,四",67.73,67.75,66.86,67.2,-1.12%,1.31%,"62,357,433","4,190,581,100",0.576,75304
"2018-09-28,五",67.5,69.1,67.44,68.5,1.93%,2.47%,"73,952,387","5,052,835,900",0.683,83836
"2018-10-08,一",66.8,66.84,64.71,64.78,-5.43%,3.11%,"112,844,471","7,402,497,500",1.04,123289
"2018-10-09,二",64.63,65.38,64.33,65,0.34%,1.62%,"48,631,908","3,155,728,000",0.449,56602
"2018-10-10,三",65.09,65.58,64.2,64.65,-0.54%,2.12%,"58,279,902","3,780,647,700",0.538,63207
"2018-10-11,四",62.1,63.2,61.38,61.85,-4.33%,2.82%,"114,532,745","7,141,404,100",1.06,119209
"2018-10-12,五",62.5,64.25,62.3,63.87,3.27%,3.15%,"77,461,671","4,901,391,100",0.715,91337
"2018-10-15,一",63.9,64.44,63.09,63.2,-1.05%,2.11%,"53,974,326","3,437,483,900",0.498,62775
"2018-10-16,二",63.35,65.18,63.33,64,1.27%,2.93%,"58,403,499","3,761,333,700",0.539,70918
"2018-10-17,三",65.17,65.32,62.41,64.16,0.25%,4.55%,"76,140,192","4,861,851,800",0.703,78756
"2018-10-18,四",63.49,63.52,62.25,62.45,-2.67%,1.98%,"60,301,984","3,788,520,100",0.557,80648
"2018-10-19,五",61.99,66.1,61.88,65.62,5.08%,6.76%,"113,881,516","7,314,843,200",1.05,118930
"2018-10-22,一",66.01,69.42,65.62,67.93,3.52%,5.79%,"161,688,170","10,961,620,300",1.49,146547
"2018-10-23,二",68,68.32,64.88,65.51,-3.56%,5.06%,"117,213,446","7,814,653,800",1.08,130220
"2018-10-24,三",65.78,67.85,65.56,66.25,1.13%,3.50%,"81,063,205","5,398,315,000",0.748,96492
"2018-10-25,四",64.2,66.66,64.2,66.66,0.62%,3.71%,"73,620,253","4,816,111,100",0.68,79655
"2018-10-26,五",66.3,66.77,64.38,65.54,-1.68%,3.59%,"79,741,104","5,212,552,000",0.736,95122
"2018-10-29,一",65.87,65.99,61.9,62,-5.40%,6.24%,"121,641,942","7,666,491,200",1.12,142617
"2018-10-30,二",60,64.63,59.5,62.8,1.29%,8.27%,"126,920,829","7,969,650,400",1.17,138452
"2018-10-31,三",63.01,63.95,62.16,63.63,1.32%,2.85%,"78,283,525","4,948,893,000",0.723,88589
"2018-11-01,四",64.22,65.5,64.08,64.3,1.05%,2.23%,"68,987,109","4,463,737,100",0.637,82676
"2018-11-02,五",66.92,67.35,65.55,67.35,4.74%,2.80%,"117,394,937","7,821,171,800",1.08,128112
"2018-11-05,一",66.5,67.05,65.7,66.58,-1.14%,2.00%,"54,713,186","3,634,382,500",0.505,65268
"2018-11-06,二",66.2,66.8,65.8,66.8,0.33%,1.50%,"38,508,185","2,553,280,700",0.355,47828
"2018-11-07,三",66.89,67.34,65.9,66.12,-1.02%,2.16%,"51,065,843","3,393,066,400",0.471,65927
"2018-11-08,四",66.93,67.17,66,66.3,0.27%,1.77%,"50,494,617","3,364,558,900",0.466,59645
"2018-11-09,五",65.75,65.98,64.38,64.62,-2.53%,2.41%,"54,468,970","3,544,347,600",0.503,70188
"2018-11-12,一",64.4,65.14,63.75,64.66,0.06%,2.15%,"45,851,164","2,956,910,300",0.423,59702
"2018-11-13,二",63.78,65.57,63.5,65.01,0.54%,3.20%,"52,099,795","3,362,080,700",0.481,64585
"2018-11-14,三",65.05,65.09,63.6,63.95,-1.63%,2.29%,"57,381,407","3,680,152,400",0.53,80236
"2018-11-15,四",64,65.14,63.77,65.1,1.80%,2.14%,"50,057,986","3,231,462,700",0.462,66923
"2018-11-16,五",65,66.39,64.69,65.25,0.23%,2.61%,"61,987,908","4,063,786,100",0.572,70068
"2018-11-19,一",65.25,66.2,64.8,65.72,0.72%,2.15%,"50,762,891","3,324,370,800",0.469,66068
"2018-11-20,二",65,65.44,63.91,64.1,-2.47%,2.33%,"59,176,258","3,810,974,200",0.546,78930
"2018-11-21,三",63.53,64.14,63.53,64.01,-0.14%,0.95%,"38,524,931","2,459,066,000",0.356,48091
"2018-11-22,四",64.18,64.2,62.82,63.14,-1.36%,2.16%,"44,368,353","2,803,339,500",0.41,67222
"2018-11-23,五",63.15,63.59,62.52,62.64,-0.79%,1.69%,"37,233,517","2,339,115,000",0.344,55036
"2018-11-26,一",63,63.87,62.8,63.2,0.89%,1.71%,"36,998,907","2,340,406,500",0.342,46602
"2018-11-27,二",63.31,63.88,62.91,63.11,-0.14%,1.53%,"37,559,684","2,377,828,900",0.347,43217
"2018-11-28,三",63.12,63.96,63.01,63.77,1.05%,1.51%,"41,169,032","2,616,356,300",0.38,45327
"2018-11-29,四",64.3,64.38,63,63.05,-1.13%,2.16%,"38,665,389","2,460,470,900",0.357,45830
"2018-11-30,五",63.06,63.65,62.9,63.49,0.70%,1.19%,"34,917,109","2,212,885,700",0.322,37651
"2018-12-03,一",65.2,66.05,64.77,64.99,2.36%,2.02%,"112,194,302","7,325,910,500",1.04,103604
"2018-12-04,二",64.95,65.08,64.16,64.89,-0.15%,1.42%,"56,247,314","3,640,115,200",0.519,57958
"2018-12-05,三",64.05,64.6,63.98,64.25,-0.99%,0.96%,"45,020,712","2,892,939,000",0.416,43544
"2018-12-06,四",63.66,63.88,62.89,63,-1.95%,1.54%,"58,586,513","3,710,782,000",0.541,71170
"2018-12-07,五",63.32,63.53,62.98,63,0.00%,0.87%,"27,029,717","1,709,048,600",0.25,32218
"2018-12-10,一",62.5,62.68,61.82,62.18,-1.30%,1.37%,"49,465,059","3,075,386,900",0.457,61993
"2018-12-11,二",62.18,62.57,61.82,62.17,-0.02%,1.21%,"41,994,888","2,605,529,200",0.388,47095
"2018-12-12,三",62.8,62.83,62.04,62.46,0.47%,1.27%,"38,739,232","2,415,069,200",0.358,41524
"2018-12-13,四",62.7,63.5,62.4,63.2,1.18%,1.76%,"78,275,417","4,938,706,600",0.723,75233
"2018-12-14,五",62.9,62.94,61.73,61.94,-1.99%,1.91%,"75,075,554","4,664,205,100",0.693,90292
"2018-12-17,一",61.87,62.26,61.03,61.27,-1.08%,1.99%,"71,213,138","4,372,511,200",0.657,75084
"2018-12-18,二",60.9,61.68,60.47,60.85,-0.69%,1.97%,"53,230,206","3,244,689,400",0.491,68885
"2018-12-19,三",61,61.26,59.88,60.12,-1.20%,2.27%,"51,553,816","3,118,190,800",0.476,71392
"2018-12-20,四",59.95,60.18,58.58,59,-1.86%,2.66%,"80,695,579","4,779,472,500",0.745,103830
"2018-12-21,五",58.75,58.85,57.45,58.34,-1.12%,2.37%,"73,912,789","4,287,044,800",0.682,96407
"2018-12-24,一",58,58.3,57.75,58.25,-0.15%,0.94%,"35,874,842","2,084,473,000",0.331,43943
"2018-12-25,二",57.54,58.78,56.88,58.21,-0.07%,3.26%,"66,463,319","3,837,466,600",0.614,80950
"2018-12-26,三",58.17,58.25,57.2,57.3,-1.56%,1.80%,"39,782,133","2,293,584,100",0.367,55929
"2018-12-27,四",58.28,58.38,56.9,56.9,-0.70%,2.58%,"75,189,050","4,329,636,500",0.694,79410
"2018-12-28,五",57,57.23,56.1,56.1,-1.41%,1.99%,"91,498,805","5,177,718,200",0.845,102960
"2019-01-02,三",56.04,56.18,54.94,55.18,-1.64%,2.21%,"82,554,243","4,573,024,800",0.762,99146
"2019-01-03,四",55.15,56.33,55.06,55.68,0.91%,2.30%,"69,271,124","3,864,646,500",0.639,75734
"2019-01-04,五",55.28,57,55.23,56.59,1.63%,3.18%,"112,985,585","6,376,773,600",1.04,99966
"2019-01-07,一",57.09,57.17,55.9,56.3,-0.51%,2.24%,"76,593,007","4,326,151,600",0.707,77714
"2019-01-08,二",56.05,56.09,55.2,55.8,-0.89%,1.58%,"55,992,092","3,116,381,600",0.517,71742
"2019-01-09,三",56.2,57.6,55.96,56.95,2.06%,2.94%,"81,914,613","4,673,997,800",0.756,98307
"2019-01-10,四",56.87,57.82,56.55,57.5,0.97%,2.23%,"67,328,223","3,858,446,800",0.622,74077
"2019-01-11,五",58,58.29,57.5,58.07,0.99%,1.37%,"45,756,973","2,650,921,500",0.422,60619
"2019-01-14,一",57.74,57.95,56.9,57.12,-1.64%,1.81%,"47,532,651","2,723,611,900",0.439,60119
"2019-01-15,二",57.26,58.69,57.06,58.59,2.57%,2.85%,"58,626,487","3,413,728,300",0.541,81311
"2019-01-16,三",58.42,58.96,58.01,58.74,0.26%,1.62%,"40,411,183","2,368,178,500",0.373,52535
"2019-01-17,四",59.05,59.8,58.56,58.73,-0.02%,2.11%,"53,505,039","3,168,128,900",0.494,71723
"2019-01-18,五",59.23,60.02,58.69,59.92,2.03%,2.26%,"56,175,665","3,350,801,500",0.519,67825
"2019-01-21,一",59.93,61.11,59.85,60.79,1.45%,2.10%,"55,984,277","3,395,168,900",0.517,66500
"2019-01-22,二",60.6,60.64,59.74,60.07,-1.18%,1.48%,"41,950,761","2,524,729,500",0.387,50712
"2019-01-23,三",59.82,60.4,59.45,59.49,-0.97%,1.58%,"37,493,263","2,243,882,400",0.346,43533
"2019-01-24,四",59.61,60.52,59.22,60.43,1.58%,2.19%,"44,940,618","2,694,967,100",0.415,50472
"2019-01-25,五",60.5,61.78,60.43,61.29,1.42%,2.23%,"67,245,911","4,129,885,300",0.621,72518
"2019-01-28,一",61.8,62.41,61.2,61.52,0.38%,1.97%,"58,164,884","3,603,129,800",0.537,57156
"2019-01-29,二",61.38,61.9,60.98,61.65,0.21%,1.50%,"39,519,294","2,428,493,700",0.365,51074
"2019-01-30,三",60.88,61.86,60.78,61.25,-0.65%,1.75%,"31,000,323","1,904,411,100",0.286,35794
"2019-01-31,四",61.8,63.19,61.55,62.98,2.82%,2.68%,"69,226,532","4,336,690,700",0.639,76209
"2019-02-01,五",63.5,63.78,62.85,63.21,0.37%,1.48%,"43,792,470","2,771,784,000",0.404,50228
"2019-02-11,一",62.88,64.51,62.88,64.39,1.87%,2.58%,"54,181,551","3,456,061,500",0.5,60543
"2019-02-12,二",64.4,64.42,63.69,64.27,-0.19%,1.13%,"38,519,306","2,468,628,200",0.356,54840
"2019-02-13,三",64.66,65.4,64.03,65.02,1.17%,2.13%,"57,865,813","3,743,367,700",0.534,66856
"2019-02-14,四",64.88,65.4,64.78,65.1,0.12%,0.95%,"39,620,277","2,577,578,400",0.366,51326
"2019-02-15,五",64.8,65.01,63.22,63.25,-2.84%,2.75%,"53,401,148","3,418,044,700",0.493,76947
"2019-02-18,一",63.9,65.42,63.78,65.29,3.23%,2.59%,"72,136,106","4,677,674,800",0.666,79674
"2019-02-19,二",65.58,67.27,65.28,65.68,0.60%,3.05%,"78,595,146","5,198,252,100",0.726,97934
"2019-02-20,三",66.3,66.38,65.19,65.88,0.30%,1.81%,"39,350,882","2,592,496,400",0.363,48164
"2019-02-21,四",65.8,66.68,65.09,65.39,-0.74%,2.41%,"54,369,401","3,588,406,900",0.502,66630
"2019-02-22,五",65.36,67.07,64.8,67.02,2.49%,3.47%,"76,221,888","5,022,163,600",0.704,82155
"2019-02-25,一",68.22,73,68.14,73,8.92%,7.25%,"222,238,240","15,601,216,000",2.05,205476
"2019-02-26,二",71.71,72.6,69.92,70.01,-4.10%,3.67%,"155,563,880","11,039,492,200",1.44,162631
"2019-02-27,三",70.3,71.43,68.99,69.98,-0.04%,3.49%,"101,766,358","7,169,557,300",0.939,106975
"2019-02-28,四",69.98,70.95,69.41,70.01,0.04%,2.20%,"59,888,970","4,212,441,300",0.553,69667
"2019-03-01,五",70.69,72.6,70.25,72.39,3.40%,3.36%,"92,075,183","6,586,194,400",0.85,104336
"2019-03-04,一",73,75.1,72.21,72.58,0.26%,3.99%,"126,327,504","9,279,004,200",1.17,134178
"2019-03-05,二",72.48,72.74,71.57,72.07,-0.70%,1.61%,"65,968,035","4,759,711,100",0.609,78401
"2019-03-06,三",72.39,72.48,71.11,72.16,0.12%,1.90%,"78,465,361","5,640,683,400",0.724,91533
"2019-03-07,四",72.15,72.15,70,70.29,-2.59%,2.98%,"101,347,308","7,171,432,200",0.936,120181
"2019-03-08,五",68.66,70.2,68.25,68.7,-2.26%,2.77%,"91,325,604","6,295,287,200",0.843,104182
"2019-03-11,一",68.8,69.69,68.22,68.79,0.13%,2.14%,"75,185,765","5,173,828,900",0.694,90086
"2019-03-12,二",69.6,70.92,68.96,69.25,0.67%,2.85%,"96,921,901","6,776,280,900",0.895,106743
"2019-03-13,三",71.38,72.1,70.27,71.54,3.31%,2.64%,"140,546,410","10,026,174,500",1.3,152270
"2019-03-14,四",71.77,73.2,71.7,72.8,1.76%,2.10%,"105,597,033","7,670,039,200",0.975,125591
"2019-03-15,五",73.1,75.5,73.08,73.85,1.44%,3.32%,"125,524,638","9,342,867,700",1.16,135784
"2019-03-18,一",74.43,75.34,73.45,75,1.56%,2.56%,"115,639,210","8,622,875,400",1.07,109406
"2019-03-19,二",75.73,76.85,74.96,75.35,0.47%,2.52%,"101,209,656","7,669,753,000",0.934,111328
"2019-03-20,三",75.06,77.48,74.75,76.55,1.59%,3.62%,"107,843,910","8,223,832,000",0.996,119083
"2019-03-21,四",77,77.25,75.6,75.8,-0.98%,2.16%,"84,625,878","6,432,258,600",0.781,94672
"2019-03-22,五",75.76,76.26,74.06,74.72,-1.42%,2.90%,"77,200,428","5,793,146,000",0.713,98385
"2019-03-25,一",73.41,73.99,72.18,72.29,-3.25%,2.42%,"99,105,240","7,240,888,400",0.915,119360
"2019-03-26,二",72.99,73.23,72.15,72.69,0.55%,1.49%,"63,447,472","4,610,495,800",0.586,75343
"2019-03-27,三",73.2,74.63,72.7,74.22,2.10%,2.66%,"75,981,776","5,612,313,500",0.701,89620
"2019-03-28,四",73.4,73.94,72.88,73.4,-1.10%,1.43%,"48,420,875","3,553,347,600",0.447,61102
"2019-03-29,五",74.1,77.1,74.1,77.1,5.04%,4.09%,"142,935,530","10,870,048,900",1.32,150560
"2019-04-01,一",78,79.23,77.5,78.6,1.95%,2.24%,"116,811,347","9,182,647,700",1.08,110986
"2019-04-02,二",78.54,79,78.05,78.96,0.46%,1.21%,"77,117,540","6,059,549,100",0.712,79884
"2019-04-03,三",78.48,80.15,78.37,79.86,1.14%,2.25%,"76,021,980","6,045,909,500",0.702,82570
"2019-04-04,四",80.08,80.96,79.25,80.2,0.43%,2.14%,"79,562,603","6,378,852,700",0.734,91517
"2019-04-08,一",80.7,82.25,80.02,80.59,0.49%,2.78%,"91,612,230","7,448,621,200",0.846,103333
"2019-04-09,二",80.4,82,80.37,81.1,0.63%,2.02%,"60,173,789","4,887,104,100",0.555,69496
"2019-04-10,三",80.8,82.11,79.66,82.03,1.15%,3.02%,"78,362,038","6,347,140,300",0.723,80529
"2019-04-11,四",82.65,83.62,80.16,80.71,-1.61%,4.22%,"75,662,885","6,180,144,000",0.698,84004
"2019-04-12,五",80.35,81.16,79.9,80.44,-0.33%,1.56%,"52,677,940","4,235,942,800",0.486,63355
"2019-04-15,一",82.23,83.88,81.6,81.66,1.52%,2.83%,"98,995,302","8,203,396,900",0.914,103009
"2019-04-16,二",81.22,85.13,80.9,85.01,4.10%,5.18%,"103,622,277","8,642,148,100",0.957,112350
"2019-04-17,三",84.92,85.35,83.8,84.48,-0.62%,1.82%,"63,191,560","5,350,101,200",0.583,73196
"2019-04-18,四",84.69,85.02,83.88,84.3,-0.21%,1.35%,"39,728,704","3,354,513,800",0.367,46046
"2019-04-19,五",85.27,87,84.2,87,3.20%,3.32%,"78,913,196","6,768,190,600",0.728,85012
"2019-04-22,一",87.22,88.09,84.5,84.96,-2.34%,4.13%,"93,211,520","8,032,960,500",0.86,123246
"2019-04-23,二",84.75,87.38,84.5,86.06,1.29%,3.39%,"67,811,637","5,833,032,600",0.626,83303
"2019-04-24,三",86.08,86.88,83.55,85.03,-1.20%,3.87%,"81,285,189","6,916,666,400",0.75,103850
"2019-04-25,四",84.35,84.99,83.15,83.4,-1.92%,2.16%,"65,576,928","5,505,578,200",0.605,91092
"2019-04-26,五",83,84.43,82.8,83.11,-0.35%,1.95%,"64,895,907","5,424,636,700",0.599,77583
"2019-04-29,一",83.88,87.13,83.3,86.43,3.99%,4.61%,"94,657,603","8,097,224,900",0.874,116553
"2019-04-30,二",86.5,87.48,84.53,86.1,-0.38%,3.41%,"91,790,202","7,894,165,600",0.847,109195
